{"cameraMode":{"drawMode":0,"name":"Shaded","section":"Shading Mode"},"sceneLighting":true,"audioPlay":false,"sceneViewState":{"m_AlwaysRefresh":false,"showFog":true,"showSkybox":true,"showFlares":true,"showImageEffects":true,"showParticleSystems":true,"showVisualEffectGraphs":true,"m_FxEnabled":true},"in2DMode":false,"pivot":{"x":1.2975211143493653,"y":0.6556491851806641,"z":17.438617706298829},"rotation":{"x":-0.21832770109176637,"y":-0.058523524552583697,"z":0.013111547566950322,"w":-0.9740490913391113},"size":16.635644912719728,"orthographic":false}