{"cameraMode":{"drawMode":0,"name":"Shaded","section":"Shading Mode"},"sceneLighting":true,"audioPlay":false,"sceneViewState":{"m_AlwaysRefresh":false,"showFog":true,"showSkybox":true,"showFlares":true,"showImageEffects":true,"showParticleSystems":true,"showVisualEffectGraphs":true,"m_FxEnabled":true},"in2DMode":false,"pivot":{"x":-1.9600157737731934,"y":2.2588157653808595,"z":14.608846664428711},"rotation":{"x":-0.19599294662475587,"y":0.08371863514184952,"z":-0.016802888363599778,"w":-0.9768989682197571},"size":12.531745910644532,"orthographic":false}