{"cameraMode":{"drawMode":0,"name":"Shaded","section":"Shading Mode"},"sceneLighting":true,"audioPlay":false,"sceneViewState":{"m_AlwaysRefresh":false,"showFog":true,"showSkybox":true,"showFlares":true,"showImageEffects":true,"showParticleSystems":true,"showVisualEffectGraphs":true,"m_FxEnabled":true},"in2DMode":false,"pivot":{"x":0.7360429763793945,"y":9.010722160339356,"z":13.218713760375977},"rotation":{"x":0.09718126058578491,"y":0.05787546560168266,"z":-0.005661370698362589,"w":0.9935709834098816},"size":11.536918640136719,"orthographic":false}