{"cameraMode":{"drawMode":0,"name":"Shaded","section":"Shading Mode"},"sceneLighting":true,"audioPlay":false,"sceneViewState":{"m_AlwaysRefresh":false,"showFog":true,"showSkybox":true,"showFlares":true,"showImageEffects":true,"showParticleSystems":true,"showVisualEffectGraphs":true,"m_FxEnabled":true},"in2DMode":false,"pivot":{"x":14.700885772705079,"y":-63.060394287109378,"z":177.97268676757813},"rotation":{"x":-0.31099316477775576,"y":-0.03932878375053406,"z":0.012941425666213036,"w":-0.9495812654495239},"size":187.75918579101563,"orthographic":false}