{"cameraMode":{"drawMode":0,"name":"Shaded","section":"Shading Mode"},"sceneLighting":true,"audioPlay":false,"sceneViewState":{"m_AlwaysRefresh":false,"showFog":true,"showSkybox":true,"showFlares":true,"showImageEffects":true,"showParticleSystems":true,"showVisualEffectGraphs":true,"m_FxEnabled":true},"in2DMode":false,"pivot":{"x":-2.6662940979003908,"y":8.810808181762696,"z":-0.7058722972869873},"rotation":{"x":0.06777878105640412,"y":-0.7038527131080627,"z":0.06777718663215637,"w":0.7038527727127075},"size":14.704975128173829,"orthographic":false}