{"cameraMode":{"drawMode":0,"name":"Shaded","section":"Shading Mode"},"sceneLighting":true,"audioPlay":false,"sceneViewState":{"m_AlwaysRefresh":false,"showFog":true,"showSkybox":true,"showFlares":true,"showImageEffects":true,"showParticleSystems":true,"showVisualEffectGraphs":true,"m_FxEnabled":true},"in2DMode":false,"pivot":{"x":0.6815328598022461,"y":7.245837211608887,"z":26.31212615966797},"rotation":{"x":-0.11374056339263916,"y":-0.017293021082878114,"z":0.0020333409775048496,"w":-0.9934165477752686},"size":24.31382942199707,"orthographic":false}