{"cameraMode":{"drawMode":0,"name":"Shaded","section":"Shading Mode"},"sceneLighting":true,"audioPlay":false,"sceneViewState":{"m_AlwaysRefresh":false,"showFog":true,"showSkybox":true,"showFlares":true,"showImageEffects":true,"showParticleSystems":true,"showVisualEffectGraphs":true,"m_FxEnabled":true},"in2DMode":false,"pivot":{"x":1.3980040550231934,"y":8.281341552734375,"z":13.197290420532227},"rotation":{"x":-0.06796494126319885,"y":0.4754672050476074,"z":-0.036876529455184939,"w":-0.8763813972473145},"size":12.052934646606446,"orthographic":true}