{"cameraMode":{"drawMode":0,"name":"Shaded","section":"Shading Mode"},"sceneLighting":false,"audioPlay":false,"sceneViewState":{"m_AlwaysRefresh":false,"showFog":true,"showSkybox":false,"showFlares":true,"showImageEffects":true,"showParticleSystems":true,"showVisualEffectGraphs":true,"m_FxEnabled":true},"in2DMode":false,"pivot":{"x":2.4068408012390138,"y":4.885056495666504,"z":22.632434844970704},"rotation":{"x":-0.007925663143396378,"y":-0.7000507712364197,"z":-0.0077737667597830299,"w":0.7140451669692993},"size":3.5528674125671388,"orthographic":false}