{"cameraMode":{"drawMode":0,"name":"Shaded","section":"Shading Mode"},"sceneLighting":false,"audioPlay":false,"sceneViewState":{"m_AlwaysRefresh":false,"showFog":true,"showSkybox":false,"showFlares":true,"showImageEffects":true,"showParticleSystems":true,"showVisualEffectGraphs":true,"m_FxEnabled":true},"in2DMode":false,"pivot":{"x":1.154773473739624,"y":1.579728603363037,"z":22.673248291015626},"rotation":{"x":0.17429552972316743,"y":0.17039507627487184,"z":-0.030631549656391145,"w":0.9693851470947266},"size":3.973053455352783,"orthographic":false}