{"cameraMode":{"drawMode":0,"name":"Shaded","section":"Shading Mode"},"sceneLighting":false,"audioPlay":false,"sceneViewState":{"m_AlwaysRefresh":false,"showFog":true,"showSkybox":false,"showFlares":true,"showImageEffects":true,"showParticleSystems":true,"showVisualEffectGraphs":true,"m_FxEnabled":true},"in2DMode":false,"pivot":{"x":-20.110000610351564,"y":0.09000000357627869,"z":0.7096500396728516},"rotation":{"x":-0.13155750930309297,"y":0.5797972679138184,"z":-0.09553543478250504,"w":-0.798390805721283},"size":28.050416946411134,"orthographic":false}