{"cameraMode":{"drawMode":0,"name":"Shaded","section":"Shading Mode"},"sceneLighting":false,"audioPlay":false,"sceneViewState":{"m_AlwaysRefresh":false,"showFog":true,"showSkybox":false,"showFlares":true,"showImageEffects":true,"showParticleSystems":true,"showVisualEffectGraphs":true,"m_FxEnabled":true},"in2DMode":false,"pivot":{"x":-0.05000000074505806,"y":3.3742518424987795,"z":-5.85948371887207},"rotation":{"x":0.06964050233364105,"y":-0.6699720621109009,"z":0.06339079886674881,"w":0.7364174127578735},"size":0.0029644242022186519,"orthographic":false}